Company,ticker,Portfolio percent,Age,Change,Change percentage
Microsoft Corp,MSFT,7.33%,   420.55,6.44,(1.56%)
Apple Inc.,AAPL,6.55%,   188.85,0.53,(0.28%)
Nvidia Corp,NVDA,4.10%,   721.33,24.92,(3.58%)
Amazon.com Inc,AMZN,3.68%,   174.45,4.61,(2.71%)
"Meta Platforms, Inc. Class A",META,2.48%,   468.11,-1.89,(-0.40%)
Alphabet Inc. Class A,GOOGL,2.06%,   149.00,3.09,(2.12%)
Alphabet Inc. Class C,GOOG,1.75%,   150.22,3.00,(2.04%)
Berkshire Hathaway Class B,BRK.B,1.72%,   398.36,0.87,(0.22%)
Eli Lilly & Co.,LLY,1.40%,   740.16,4.48,(0.61%)
Broadcom Inc.,AVGO,1.33%,"   1,283.44",8.68,(0.68%)
"Tesla, Inc.",TSLA,1.25%,   193.57,4.01,(2.12%)
Jpmorgan Chase & Co.,JPM,1.20%,   175.01,0.21,(0.12%)
Unitedhealth Group Incorporated,UNH,1.15%,   518.22,-1.87,(-0.36%)
Visa Inc.,V,1.05%,   276.43,0.65,(0.24%)
Exxon Mobil Corporation,XOM,0.99%,   101.77,-2.20,(-2.12%)
Mastercard Incorporated,MA,0.90%,   457.88,-0.38,(-0.08%)
Johnson & Johnson,JNJ,0.90%,   156.76,0.36,(0.23%)
Procter & Gamble Company,PG,0.89%,   157.42,-1.22,(-0.77%)
"Home Depot, Inc.",HD,0.87%,   363.15,-0.57,(-0.16%)
"Merck & Co., Inc.",MRK,0.76%,   125.45,-1.16,(-0.92%)
Costco Wholesale Corp,COST,0.76%,   723.40,-0.76,(-0.10%)
Abbvie Inc.,ABBV,0.73%,   174.08,-0.71,(-0.41%)
"Salesforce, Inc.",CRM,0.68%,   291.30,-0.65,(-0.22%)
Adobe Inc.,ADBE,0.67%,   627.21,11.35,(1.84%)
Advanced Micro Devices,AMD,0.65%,   172.48,3.13,(1.85%)
Chevron Corporation,CVX,0.64%,   151.04,-3.02,(-1.96%)
Netflix Inc,NFLX,0.58%,   561.32,2.79,(0.50%)
Walmart Inc.,WMT,0.58%,   169.28,-0.09,(-0.05%)
"Pepsico, Inc.",PEP,0.57%,   167.67,-6.18,(-3.55%)
Coca-Cola Company,KO,0.55%,   59.56,-0.27,(-0.45%)
Accenture Plc,ACN,0.55%,   371.67,3.19,(0.87%)
Bank of America Corporation,BAC,0.54%,   33.07,-0.05,(-0.15%)
"Thermo Fisher Scientific, Inc.",TMO,0.51%,   550.75,-0.14,(-0.03%)
Mcdonald's Corporation,MCD,0.50%,   289.47,-2.46,(-0.84%)
"Cisco Systems, Inc.",CSCO,0.48%,   50.13,0.18,(0.36%)
The Walt Disney Company,DIS,0.48%,   108.39,-2.15,(-1.94%)
Linde Plc,LIN,0.48%,   419.42,5.42,(1.31%)
Abbott Laboratories,ABT,0.46%,   111.81,-0.62,(-0.55%)
Oracle Corp,ORCL,0.44%,   116.64,-0.04,(-0.03%)
Intuit Inc,INTU,0.44%,   658.16,5.09,(0.78%)
Intel Corp,INTC,0.43%,   43.31,0.81,(1.91%)
Wells Fargo & Co.,WFC,0.42%,   48.06,-0.29,(-0.60%)
International Business Machines Corporation,IBM,0.40%,   186.34,1.98,(1.07%)
Verizon Communications,VZ,0.40%,   39.72,-0.19,(-0.48%)
Comcast Corp,CMCSA,0.39%,   42.07,0.82,(1.99%)
Qualcomm Inc,QCOM,0.39%,   151.00,2.82,(1.90%)
Caterpillar Inc.,CAT,0.39%,   317.16,-4.84,(-1.50%)
"Servicenow, Inc.",NOW,0.39%,   812.94,13.53,(1.69%)
Danaher Corporation,DHR,0.39%,   242.95,-2.92,(-1.19%)
Amgen Inc,AMGN,0.38%,   291.12,-3.73,(-1.27%)
Pfizer Inc.,PFE,0.37%,   27.56,-0.01,(-0.04%)
Union Pacific Corp.,UNP,0.36%,   249.45,0.63,(0.25%)
General Electric Company,GE,0.36%,   139.28,0.23,(0.17%)
Uber Technologies Inc,UBER,0.35%,   0.00,0.00,(0.00%)
Texas Instruments Incorporated,TXN,0.35%,   162.40,2.19,(1.37%)
Applied Materials Inc,AMAT,0.35%,   185.84,11.95,(6.87%)
S&p Global Inc.,SPGI,0.34%,   437.89,1.26,(0.29%)
Philip Morris International Inc.,PM,0.33%,   89.12,0.11,(0.12%)
Intuitive Surgical Inc.,ISRG,0.32%,   388.22,1.28,(0.33%)
Conocophillips,COP,0.32%,   111.16,-2.74,(-2.41%)
Booking Holdings Inc.,BKNG,0.32%,"   3,758.18",-82.04,(-2.14%)
Rtx Corporation,RTX,0.31%,   90.51,-0.53,(-0.58%)
"Honeywell International, Inc.",HON,0.30%,   194.84,1.38,(0.71%)
Lowe's Companies Inc.,LOW,0.30%,   222.26,1.87,(0.85%)
"Nike, Inc.",NKE,0.30%,   104.50,0.73,(0.70%)
Goldman Sachs Group Inc.,GS,0.30%,   384.26,-0.78,(-0.20%)
"Prologis, Inc.",PLD,0.29%,   132.48,0.82,(0.62%)
American Express Company,AXP,0.29%,   212.47,1.26,(0.60%)
At&t Inc.,T,0.29%,   16.84,0.02,(0.12%)
Boeing Company,BA,0.28%,   209.20,-0.02,(-0.01%)
"Elevance Health, Inc.",ELV,0.28%,   506.08,3.93,(0.78%)
"Nextra Energy, Inc.",NEE,0.27%,   56.58,0.29,(0.52%)
Medtronic Plc,MDT,0.27%,   84.99,-1.19,(-1.38%)
Stryker Corporation,SYK,0.27%,   341.96,2.93,(0.86%)
"Palo Alto Networks, Inc.",PANW,0.27%,   376.90,9.88,(2.69%)
Lam Research Corp,LRCX,0.27%,   911.58,47.22,(5.46%)
"Tjx Companies, Inc.",TJX,0.27%,   98.75,0.39,(0.40%)
"Blackrock, Inc.",BLK,0.26%,   797.21,4.01,(0.51%)
Starbucks Corp,SBUX,0.26%,   97.30,0.71,(0.74%)
"Eaton Corporation, Plcs",ETN,0.26%,   277.96,4.75,(1.74%)
Vertex Pharmaceuticals Inc,VRTX,0.26%,   422.91,-0.15,(-0.04%)
Morgan Stanley,MS,0.26%,   85.89,0.24,(0.28%)
Progressive Corporation,PGR,0.25%,   182.72,-0.24,(-0.13%)
"United Parcel Service, Inc. Class B",UPS,0.25%,   146.26,-1.66,(-1.12%)
Citigroup Inc.,C,0.25%,   53.99,-0.30,(-0.55%)
Deere & Company,DE,0.25%,   381.29,-4.54,(-1.18%)
Automatic Data Processing,ADP,0.25%,   249.99,-1.09,(-0.43%)
"Mondelez International, Inc. Class A",MDLZ,0.24%,   73.17,-1.59,(-2.13%)
Regeneron Pharmaceuticals Inc,REGN,0.24%,   953.42,6.99,(0.74%)
Chubb Limited,CB,0.24%,   247.21,2.87,(1.17%)
Bristol-Myers Squibb Co.,BMY,0.24%,   49.81,1.10,(2.26%)
The Cigna Group,CI,0.23%,   334.93,2.64,(0.79%)
"Marsh & Mclennan Companies, Inc.",MMC,0.23%,   197.91,1.11,(0.56%)
"Analog Devices, Inc.",ADI,0.23%,   195.02,0.96,(0.49%)
Cvs Health Corporation,CVS,0.23%,   76.32,1.24,(1.65%)
Boston Scientific Corp.,BSX,0.23%,   65.50,0.48,(0.74%)
Lockheed Martin Corp.,LMT,0.22%,   426.50,-0.50,(-0.12%)
"Micron Technology, Inc.",MU,0.22%,   85.56,0.68,(0.80%)
The Charles Schwab Corporation,SCHW,0.22%,   63.37,0.90,(1.44%)
Gilead Sciences Inc,GILD,0.22%,   73.67,-0.13,(-0.18%)
Blackstone Inc.,BX,0.22%,   127.68,-0.16,(-0.13%)
American Tower Corporation,AMT,0.21%,   194.44,0.80,(0.41%)
Zoetis Inc.,ZTS,0.21%,   197.32,1.57,(0.80%)
Synopsys Inc,SNPS,0.21%,   575.30,4.61,(0.81%)
"Fiserv, Inc.",FI,0.21%,   144.23,0.68,(0.47%)
Kla Corporation,KLAC,0.20%,   649.80,31.31,(5.06%)
Cadence Design Systems,CDNS,0.20%,   311.94,4.58,(1.49%)
"T-Mobile Us, Inc.",TMUS,0.19%,   162.19,1.26,(0.78%)
"Equinix, Inc. Reit",EQIX,0.19%,   855.76,0.43,(0.05%)
Intercontinental Exchange  Inc.,ICE,0.18%,   135.49,1.37,(1.02%)
The Sherwin-Williams Company,SHW,0.18%,   311.74,-0.41,(-0.13%)
Cme Group Inc.,CME,0.17%,   205.09,1.09,(0.53%)
Csx Corporation,CSX,0.17%,   36.89,-0.18,(-0.49%)
The Southern Company,SO,0.17%,   66.91,-0.03,(-0.04%)
"Chipotle Mexican Grill, Inc.",CMG,0.17%,"   2,638.35",17.87,(0.68%)
Duke Energy Corporation,DUK,0.17%,   91.69,-0.96,(-1.04%)
"Altria Group, Inc.",MO,0.17%,   40.11,0.02,(0.05%)
"Becton, Dickinson and Co.",BDX,0.17%,   243.75,3.04,(1.26%)
Illinois Tool Works Inc.,ITW,0.17%,   255.75,1.24,(0.49%)
"Waste Management, Inc.",WM,0.17%,   188.86,-0.63,(-0.33%)
Colgate-Palmolive Company,CL,0.17%,   83.46,-0.80,(-0.95%)
Arista Networks,ANET,0.17%,   282.45,6.56,(2.38%)
Schlumberger Limited,SLB,0.16%,   47.08,-0.71,(-1.49%)
Target Corporation,TGT,0.16%,   146.53,-0.87,(-0.59%)
Parker-Hannifin Corporation,PH,0.16%,   521.38,5.87,(1.14%)
"Eog Resources, Inc.",EOG,0.16%,   111.05,-2.01,(-1.78%)
Mckesson Corporation,MCK,0.16%,   501.35,7.12,(1.44%)
"Airbnb, Inc. Class A",ABNB,0.16%,   147.60,-2.94,(-1.96%)
Phillips 66,PSX,0.15%,   145.66,-1.16,(-0.79%)
Marathon Petroleum Corporation,MPC,0.15%,   169.97,0.29,(0.17%)
Northrop Grumman Corp.,NOC,0.15%,   454.92,3.70,(0.82%)
U.S. Bancorp,USB,0.15%,   40.18,-0.19,(-0.47%)
Moody's Corporation,MCO,0.15%,   405.17,7.17,(1.80%)
Amphenol Corporation,APH,0.15%,   105.29,0.43,(0.41%)
Transdigm Group Incorporated,TDG,0.15%,"   1,119.89",-8.68,(-0.77%)
Trane Technologies Plc,TT,0.15%,   275.44,5.50,(2.04%)
Marriot International Class A,MAR,0.15%,   247.02,-2.56,(-1.03%)
Aon Plc Class A,AON,0.15%,   312.56,5.38,(1.75%)
General Dynamics Corporation,GD,0.14%,   270.14,1.14,(0.42%)
"Paypal Holdings, Inc.",PYPL,0.14%,   58.91,2.78,(4.95%)
"Hca Healthcare, Inc.",HCA,0.14%,   306.32,0.86,(0.28%)
"O'reilly Automotive, Inc.",ORLY,0.14%,"   1,025.82",4.99,(0.49%)
Pnc Financial Services Group,PNC,0.14%,   147.77,-0.16,(-0.11%)
Nxp Semiconductors N.v.,NXPI,0.14%,   233.55,5.72,(2.51%)
Emerson Electric Co.,EMR,0.14%,   103.20,0.82,(0.80%)
"Roper Technologies, Inc.",ROP,0.14%,   550.26,4.92,(0.90%)
Norfolk Southern Corp.,NSC,0.14%,   254.83,0.78,(0.31%)
Fedex Corporation,FDX,0.13%,   242.62,0.87,(0.36%)
Autodesk Inc,ADSK,0.13%,   266.68,5.17,(1.98%)
Paccar Inc,PCAR,0.13%,   106.01,0.40,(0.38%)
Freeport-Mcmoran Inc.,FCX,0.13%,   37.36,-0.76,(-1.99%)
"Motorola Solutions, Inc.",MSI,0.13%,   330.89,2.54,(0.77%)
Lululemon Athletica Inc.,LULU,0.13%,   470.24,-2.74,(-0.58%)
Pioneer Natural Resource Co.,PXD,0.13%,   227.22,-4.54,(-1.96%)
Cintas Corp,CTAS,0.13%,   618.22,1.06,(0.17%)
General Motors Company,GM,0.13%,   38.56,-0.09,(-0.23%)
Edwards Lifesciences Corp,EW,0.12%,   85.01,-0.79,(-0.92%)
3m Company,MMM,0.12%,   92.90,-0.30,(-0.32%)
"Ecolab, Inc.",ECL,0.12%,   202.72,-0.17,(-0.08%)
Capital One Financial,COF,0.12%,   135.17,-0.21,(-0.16%)
Arthur J. Gallagher & Co.,AJG,0.12%,   238.84,1.81,(0.76%)
Ford Motor Company,F,0.12%,   12.68,-0.15,(-1.17%)
Hilton Worldwide Holdings Inc.,HLT,0.12%,   192.16,-2.39,(-1.23%)
Ross Stores Inc,ROST,0.12%,   145.87,-0.19,(-0.13%)
"Dexcom, Inc.",DXCM,0.12%,   120.47,-6.58,(-5.18%)
"Air Products & Chemicals, Inc.",APD,0.12%,   219.84,-0.07,(-0.03%)
"The Travelers Companies, Inc.",TRV,0.12%,   214.50,0.69,(0.32%)
Valero Energy Corporation,VLO,0.11%,   143.06,1.26,(0.89%)
Welltower Inc.,WELL,0.11%,   87.66,0.68,(0.78%)
"Autozone, Inc.",AZO,0.11%,"   2,680.00",-51.66,(-1.89%)
"American International Group, Inc.",AIG,0.11%,   69.12,0.71,(1.04%)
Idexx Laboratories Inc,IDXX,0.11%,   572.21,-1.40,(-0.24%)
Truist Financial Corporation,TFC,0.11%,   35.84,0.33,(0.93%)
"Simon Property Group, Inc.",SPG,0.11%,   146.93,2.83,(1.96%)
Crown Castle Inc.,CCI,0.11%,   108.40,0.90,(0.84%)
"Msci, Inc.",MSCI,0.11%,   592.42,6.92,(1.18%)
Carrier Global Corporation,CARR,0.11%,   56.01,0.95,(1.73%)
Nucor Corporation,NUE,0.11%,   186.54,0.25,(0.13%)
Microchip Technology Inc,MCHP,0.11%,   85.44,1.09,(1.29%)
Humana Inc.,HUM,0.11%,   370.28,2.48,(0.67%)
Public Storage,PSA,0.11%,   284.07,-0.83,(-0.29%)
"Digital Realty Trust, Inc.",DLR,0.11%,   147.19,0.13,(0.09%)
Te Connectivity Ltd,TEL,0.11%,   144.05,0.94,(0.66%)
Copart Inc,CPRT,0.11%,   50.91,-0.05,(-0.10%)
Realty Income Corporation,O,0.11%,   52.76,-0.40,(-0.75%)
Sempra,SRE,0.10%,   69.67,-0.17,(-0.24%)
"United Rentals, Inc.",URI,0.10%,   650.35,3.35,(0.52%)
D.R. Horton Inc.,DHI,0.10%,   144.91,0.33,(0.23%)
"Fortinet, Inc.",FTNT,0.10%,   70.44,2.59,(3.82%)
Bank of New York Mellon Corporation,BK,0.10%,   55.22,0.11,(0.20%)
The Allstate Corporation,ALL,0.10%,   160.03,-1.72,(-1.06%)
"W.W. Grainger, Inc.",GWW,0.10%,   959.01,9.08,(0.96%)
Constellation Energy Corporation,CEG,0.10%,   132.17,1.45,(1.11%)
Monster Beverage Corporation,MNST,0.10%,   55.66,-0.83,(-1.47%)
Aflac Inc.,AFL,0.10%,   78.23,0.12,(0.15%)
"Metlife, Inc.",MET,0.10%,   67.50,0.75,(1.12%)
Williams Companies Inc.,WMB,0.10%,   34.03,-0.01,(-0.03%)
Centene Corporation,CNC,0.10%,   77.33,0.83,(1.08%)
Kimberly-Clark Corp.,KMB,0.10%,   119.81,-0.46,(-0.38%)
Hess Corporation,HES,0.10%,   142.07,-4.20,(-2.87%)
"Oneok, Inc.",OKE,0.10%,   69.04,0.07,(0.10%)
Sysco Corporation,SYY,0.10%,   79.55,0.23,(0.29%)
"Ameriprise Financial, Inc.",AMP,0.10%,   396.94,2.11,(0.53%)
"American Electric Power Company, Inc.",AEP,0.10%,   76.66,0.72,(0.95%)
Iqvia Holdings Inc.,IQV,0.09%,   218.20,1.20,(0.55%)
"L3harris Technologies, Inc.",LHX,0.09%,   209.84,0.54,(0.26%)
Fastenal Co,FAST,0.09%,   70.02,0.76,(1.10%)
Paychex Inc,PAYX,0.09%,   123.03,0.28,(0.23%)
"Constellation Brands, Inc.",STZ,0.09%,   242.55,-0.50,(-0.21%)
Cognizant Technology Solutions,CTSH,0.09%,   77.10,-1.20,(-1.53%)
Agilent Technologies Inc.,A,0.09%,   133.34,-0.73,(-0.54%)
"Prudential Financial, Inc.",PRU,0.09%,   105.58,-3.03,(-2.79%)
Old Dominion Freight Line,ODFL,0.09%,   435.33,0.17,(0.04%)
Newmont Corporation,NEM,0.09%,   32.79,-0.55,(-1.65%)
"Cencora, Inc.",COR,0.09%,   230.69,0.37,(0.16%)
"Ametek, Inc.",AME,0.09%,   168.50,2.20,(1.32%)
Lennar Corporation Class A,LEN,0.09%,   153.02,-0.27,(-0.18%)
Occidental Petroleum Corporation,OXY,0.09%,   57.47,-0.58,(-1.00%)
Dow Inc.,DOW,0.09%,   53.99,0.11,(0.20%)
"Corteva, Inc.",CTVA,0.09%,   53.60,0.36,(0.68%)
Johnson Controls International Plc,JCI,0.09%,   55.50,0.39,(0.71%)
"General Mills, Inc.",GIS,0.09%,   62.34,-1.72,(-2.68%)
Otis Worldwide Corporation,OTIS,0.09%,   91.08,0.21,(0.23%)
"Dominion Energy, Inc",D,0.09%,   44.70,0.52,(1.18%)
"Yum! Brands, Inc.",YUM,0.09%,   130.27,-0.13,(-0.10%)
"Fidelity National Information Services, Inc.",FIS,0.09%,   61.76,0.32,(0.52%)
"Verisk Analytics, Inc.",VRSK,0.09%,   250.61,1.35,(0.54%)
Republic Services Inc.,RSG,0.09%,   173.49,-1.15,(-0.66%)
"Global Payments, Inc.",GPN,0.08%,   136.00,-0.63,(-0.46%)
"Gartner, Inc.",IT,0.08%,   463.52,7.34,(1.61%)
Cummins Inc.,CMI,0.08%,   251.78,1.86,(0.74%)
"Monolithic Power Systems, Inc.",MPWR,0.08%,   752.31,15.24,(2.07%)
Biogen Inc.,BIIB,0.08%,   240.98,0.68,(0.28%)
On Semiconductor Corp,ON,0.08%,   80.80,0.09,(0.11%)
Ingersoll Rand Inc.,IR,0.08%,   85.90,0.52,(0.61%)
Pg&e Corporation,PCG,0.08%,   16.25,0.01,(0.06%)
Electronic Arts Inc,EA,0.08%,   140.61,1.76,(1.27%)
Exelon Corporation,EXC,0.08%,   33.84,0.09,(0.27%)
Costar Group Inc,CSGP,0.08%,   83.13,1.36,(1.66%)
Kenvue Inc.,KVUE,0.08%,   19.33,0.00,(0.00%)
The Estee Lauder Companies Inc. Class A,EL,0.08%,   143.34,2.57,(1.83%)
Cdw Corporation,CDW,0.08%,   245.23,1.27,(0.52%)
Fair Isaac Corporation,FICO,0.08%,"   1,323.81",2.37,(0.18%)
"Ppg Industries, Inc.",PPG,0.08%,   139.58,0.95,(0.69%)
Martin Marietta Materials,MLM,0.08%,   527.14,1.73,(0.33%)
"Kinder Morgan, Inc.",KMI,0.08%,   16.61,-0.02,(-0.12%)
Ge Healthcare Technologies Inc.,GEHC,0.08%,   81.34,-0.72,(-0.88%)
"Rockwell Automation, Inc.",ROK,0.08%,   283.50,4.79,(1.72%)
"Xcel Energy, Inc.",XEL,0.08%,   58.17,0.17,(0.29%)
Keurig Dr Pepper Inc.,KDP,0.08%,   31.15,-0.34,(-1.08%)
Vulcan Materials Company,VMC,0.08%,   240.00,1.56,(0.65%)
Halliburton Company,HAL,0.07%,   34.51,-0.52,(-1.48%)
"Moderna, Inc.",MRNA,0.07%,   87.41,-6.25,(-6.67%)
"Equifax, Incorporated",EFX,0.07%,   249.18,-2.88,(-1.14%)
Arch Capital Group Ltd,ACGL,0.07%,   83.46,0.70,(0.85%)
Vici Properties Inc.,VICI,0.07%,   29.72,0.05,(0.17%)
"Consolidated Edison, Inc.",ED,0.07%,   89.06,0.39,(0.44%)
"West Pharmaceutical Services, Inc.",WST,0.07%,   409.64,-1.26,(-0.31%)
The Hershey Company,HSY,0.07%,   195.45,-6.86,(-3.39%)
"Extra Space Storage, Inc.",EXR,0.07%,   143.38,-0.09,(-0.06%)
"Quanta Services, Inc.",PWR,0.07%,   210.11,2.34,(1.13%)
Ansys Inc,ANSS,0.07%,   342.28,-3.05,(-0.88%)
Dollar General Corp.,DG,0.07%,   135.21,-0.44,(-0.32%)
The Kroger Co.,KR,0.07%,   45.41,-0.03,(-0.07%)
Baker Hughes Company,BKR,0.07%,   29.06,-0.26,(-0.89%)
Dollar Tree Inc.,DLTR,0.07%,   139.50,-1.40,(-0.99%)
Xylem Inc,XYL,0.07%,   124.30,1.92,(1.57%)
The Kraft Heinz Company,KHC,0.07%,   35.97,-0.50,(-1.37%)
Public Service Enterprise Group Incorporated,PEG,0.07%,   58.42,0.22,(0.38%)
Fortive Corporation,FTV,0.07%,   82.70,0.46,(0.56%)
"Dupont De Nemours, Inc.",DD,0.07%,   67.68,0.58,(0.86%)
"Keysight Technologies, Inc.",KEYS,0.07%,   161.52,0.34,(0.21%)
Royal Caribbean Group,RCL,0.07%,   116.97,-4.00,(-3.31%)
Charter Comm Inc Del Cl a,CHTR,0.07%,   291.15,8.55,(3.03%)
Archer Daniels Midland Company,ADM,0.07%,   53.05,0.35,(0.66%)
Willis Towers Watson Public Limited Companys,WTW,0.07%,   271.86,1.75,(0.65%)
"Diamondback Energy, Inc.",FANG,0.07%,   151.74,-1.74,(-1.13%)
Discover Financial Services,DFS,0.06%,   109.18,0.34,(0.31%)
Devon Energy Corporation,DVN,0.06%,   41.59,-0.82,(-1.93%)
Resmed Inc.,RMD,0.06%,   184.63,0.88,(0.48%)
"The Hartford Financial Services Group, Inc.",HIG,0.06%,   90.81,1.08,(1.20%)
Take-Two Interactive Software Inc,TTWO,0.06%,   154.91,-14.69,(-8.66%)
Mettler-Toledo International,MTD,0.06%,"   1,174.51",-50.46,(-4.12%)
"Cbre Group, Inc.",CBRE,0.06%,   86.55,0.59,(0.69%)
"Delta Air Lines, Inc.",DAL,0.06%,   40.51,0.16,(0.40%)
"Zimmer Biomet Holdings, Inc.",ZBH,0.06%,   122.80,-0.24,(-0.20%)
"Ulta Beauty, Inc.",ULTA,0.06%,   522.63,3.51,(0.68%)
"Cardinal Health, Inc.",CAH,0.06%,   104.95,2.22,(2.16%)
Tractor Supply Co,TSCO,0.06%,   235.08,3.25,(1.40%)
Edison International,EIX,0.06%,   64.70,-0.02,(-0.03%)
Hp Inc.,HPQ,0.06%,   28.42,0.13,(0.46%)
Wabtec Inc.,WAB,0.06%,   136.68,-0.05,(-0.04%)
"Avalonbay Communities, Inc.",AVB,0.06%,   174.63,0.10,(0.06%)
"Church & Dwight Co., Inc.",CHD,0.06%,   98.83,-1.11,(-1.11%)
"Wec Energy Group, Inc.",WEC,0.06%,   77.55,0.15,(0.19%)
T Rowe Price Group Inc,TROW,0.06%,   106.33,-2.58,(-2.37%)
Corning Incorporated,GLW,0.06%,   32.04,0.31,(0.98%)
Lyondellbasell Industries N.v. Class A,LYB,0.06%,   95.40,0.42,(0.44%)
Weyerhaeuser Company,WY,0.06%,   33.28,0.27,(0.82%)
"Nvr, Inc.",NVR,0.06%,"   7,447.99",-38.70,(-0.52%)
"American Water Works Company, Inc",AWK,0.06%,   122.20,0.37,(0.30%)
Broadridge Financial Solutions Inc,BR,0.06%,   198.98,-0.02,(-0.01%)
Sba Communications Corp,SBAC,0.06%,   217.45,1.25,(0.58%)
Howmet Aerospace Inc.,HWM,0.06%,   58.60,-0.57,(-0.96%)
Aptiv Plc,APTV,0.05%,   82.02,0.73,(0.90%)
Builders Firstsource,BLDR,0.05%,   0.00,0.00,(0.00%)
Fifth Third Bancorp,FITB,0.05%,   33.65,0.26,(0.78%)
Illumina Inc,ILMN,0.05%,   137.84,-5.49,(-3.83%)
Dover Corporation,DOV,0.05%,   160.53,0.42,(0.26%)
State Street Corporation,STT,0.05%,   72.84,0.45,(0.62%)
"Pultegroup, Inc.",PHM,0.05%,   103.10,-0.16,(-0.15%)
"Molina Healthcare, Inc.",MOH,0.05%,   388.67,7.18,(1.88%)
M&t Bank Corp.,MTB,0.05%,   133.33,1.71,(1.30%)
"Warner Bros. Discovery, Inc. Series a",WBD,0.05%,   9.64,-0.19,(-1.93%)
Ebay Inc,EBAY,0.05%,   42.43,0.41,(0.98%)
Steris Plc,STE,0.05%,   224.27,4.01,(1.82%)
"Ptc, Inc",PTC,0.05%,   183.10,1.56,(0.86%)
Dte Energy Company,DTE,0.05%,   104.41,0.18,(0.17%)
"Expedia Group, Inc.",EXPE,0.05%,   131.11,-28.36,(-17.78%)
"Raymond James Financial, Inc.",RJF,0.05%,   114.88,2.78,(2.48%)
Align Technology Inc,ALGN,0.05%,   296.37,1.37,(0.46%)
Entergy Corporation,ETR,0.05%,   97.95,0.55,(0.56%)
International Flavors & Fragrances Inc.,IFF,0.05%,   79.94,-0.57,(-0.71%)
Baxter International Inc.,BAX,0.05%,   39.55,-0.91,(-2.25%)
Teledyne Technologies Incorporated,TDY,0.05%,   434.03,3.36,(0.78%)
Equity Residential,EQR,0.05%,   58.86,-0.34,(-0.57%)
"Darden Restaurants, Inc.",DRI,0.05%,   167.66,-0.52,(-0.31%)
Iron Mountain Inc.,IRM,0.05%,   68.63,0.07,(0.10%)
Genuine Parts Company,GPC,0.05%,   143.18,0.87,(0.61%)
Hewlett Packard Enterprise Company,HPE,0.05%,   15.48,-0.02,(-0.13%)
Las Vegas Sands Corp.,LVS,0.05%,   53.62,0.01,(0.02%)
Targa Resources Corp.,TRGP,0.05%,   87.09,-0.81,(-0.92%)
"Cboe Global Markets, Inc.",CBOE,0.05%,   183.50,-0.66,(-0.36%)
Waters Corp,WAT,0.05%,   322.82,-3.87,(-1.18%)
Southwest Airlines Co.,LUV,0.05%,   32.49,0.16,(0.49%)
"Nasdaq, Inc.",NDAQ,0.05%,   57.25,0.49,(0.86%)
Hubbell Incorporated,HUBB,0.05%,   363.01,4.80,(1.34%)
"Fleetcor Technologies, Inc.",FLT,0.05%,   273.40,8.28,(3.12%)
Clorox Company,CLX,0.05%,   153.20,-1.02,(-0.66%)
Akamai Technologies Inc,AKAM,0.05%,   128.32,1.54,(1.21%)
"Axon Enterprise, Inc.",AXON,0.05%,   270.98,1.98,(0.74%)
Steel Dynamics Inc,STLD,0.05%,   124.99,0.15,(0.12%)
Laboratory Corporation of America Holdings,LH,0.05%,   222.59,-0.21,(-0.09%)
Eversource Energy,ES,0.05%,   54.98,0.91,(1.68%)
"Brown & Brown, Inc.",BRO,0.04%,   81.00,1.05,(1.31%)
Ppl Corporation,PPL,0.04%,   25.87,0.21,(0.82%)
Invitation Homes Inc.,INVH,0.04%,   33.07,0.38,(1.16%)
Garmin Ltd,GRMN,0.04%,   123.27,0.95,(0.78%)
Ball Corporation,BALL,0.04%,   59.17,0.03,(0.05%)
"Netapp, Inc",NTAP,0.04%,   89.85,0.93,(1.05%)
Firstenergy Corp.,FE,0.04%,   37.31,1.52,(4.25%)
"The Cooper Companies, Inc.",COO,0.04%,   376.60,2.95,(0.79%)
"Expeditors International of Washington, Inc.",EXPD,0.04%,   127.36,0.18,(0.14%)
Coterra Energy Inc.,CTRA,0.04%,   24.30,-0.20,(-0.82%)
"Alexandria Real Estate Equities, Inc.",ARE,0.04%,   116.20,-1.70,(-1.44%)
Western Digital Corp.,WDC,0.04%,   56.82,-0.30,(-0.53%)
"Ventas, Inc.",VTR,0.04%,   45.53,0.01,(0.02%)
"Tyler Technologies, Inc.",TYL,0.04%,   440.99,5.84,(1.34%)
Veralto Corporation,VLTO,0.04%,   82.13,-0.43,(-0.52%)
Jacobs Solutions Inc.,J,0.04%,   145.52,2.35,(1.64%)
Hologic Inc,HOLX,0.04%,   73.44,0.01,(0.01%)
Verisign Inc,VRSN,0.04%,   198.38,-2.64,(-1.31%)
Factset Research Systems,FDS,0.04%,   477.59,7.53,(1.60%)
Huntington Bancshares Inc,HBAN,0.04%,   12.41,0.09,(0.73%)
Ameren Corporation,AEE,0.04%,   68.70,0.78,(1.15%)
Jb Hunt Transport Services Inc,JBHT,0.04%,   215.58,2.20,(1.03%)
Jabil Circuit,JBL,0.04%,   0.00,0.00,(0.00%)
"Centerpoint Energy, Inc.",CNP,0.04%,   27.53,0.10,(0.36%)
"Textron, Inc.",TXT,0.04%,   87.20,-0.39,(-0.45%)
Omnicom Group Inc.,OMC,0.04%,   84.59,-2.04,(-2.35%)
"Principal Financial Group, Inc.",PFG,0.04%,   78.20,0.44,(0.57%)
Idex Corporation,IEX,0.04%,   228.20,2.37,(1.05%)
Seagate Technology Holdings Plcs,STX,0.04%,   89.41,1.73,(1.97%)
Cincinnati Financial Corp,CINF,0.04%,   108.89,1.29,(1.20%)
Atmos Energy Corporation,ATO,0.04%,   113.11,0.18,(0.16%)
Skyworks Solutions Inc,SWKS,0.04%,   105.05,0.46,(0.44%)
Regions Financial Corp.,RF,0.04%,   18.00,0.11,(0.61%)
"Mccormick & Company, Incorporated Non-Vtg Cs",MKC,0.04%,   64.65,-1.17,(-1.78%)
Masco Corporation,MAS,0.04%,   72.61,-0.71,(-0.97%)
"Epam Systems, Inc.",EPAM,0.04%,   286.27,-0.90,(-0.31%)
Avery Dennison Corp.,AVY,0.04%,   204.77,1.80,(0.89%)
Cms Energy Corporation,CMS,0.04%,   56.08,-0.19,(-0.34%)
W.R. Berkley Corporation,WRB,0.04%,   80.48,0.60,(0.75%)
Northern Trust Corp,NTRS,0.04%,   79.64,1.17,(1.49%)
"Walgreens Boots Alliance, Inc",WBA,0.04%,   22.24,-0.30,(-1.33%)
Synchrony Financial,SYF,0.04%,   38.73,-0.15,(-0.39%)
"Enphase Energy, Inc.",ENPH,0.04%,   122.47,5.59,(4.78%)
Carnival Corporation,CCL,0.04%,   15.31,-0.38,(-2.42%)
"Leidos Holdings, Inc.",LDOS,0.04%,   113.53,0.26,(0.23%)
"Tyson Foods, Inc.",TSN,0.04%,   52.58,-1.39,(-2.58%)
"First Solar, Inc.",FSLR,0.04%,   151.50,8.33,(5.82%)
"Everest Group, Ltd.",EG,0.04%,   353.76,-0.80,(-0.23%)
"Teradyne, Inc.",TER,0.04%,   102.31,3.84,(3.90%)
Pool Corporation,POOL,0.04%,   386.65,-0.69,(-0.18%)
Packaging Corp of America,PKG,0.04%,   168.33,1.46,(0.87%)
Domino's Pizza Inc.,DPZ,0.04%,   425.09,-1.49,(-0.35%)
Celanese Corporation,CE,0.04%,   148.92,0.02,(0.01%)
"Essex Property Trust, Inc",ESS,0.04%,   229.80,0.46,(0.20%)
"Best Buy Company, Inc.",BBY,0.03%,   75.60,0.11,(0.15%)
"Citizens Financial Group, Inc.",CFG,0.03%,   31.50,0.13,(0.41%)
"Cf Industries Holding, Inc.",CF,0.03%,   78.08,1.57,(2.05%)
Kellanova,K,0.03%,   53.49,-1.45,(-2.64%)
"Lamb Weston Holdings, Inc.",LW,0.03%,   100.83,-0.05,(-0.05%)
"Mid-America Apartment Communities, Inc.",MAA,0.03%,   124.52,0.04,(0.03%)
Eqt Corp,EQT,0.03%,   34.33,-0.42,(-1.21%)
Nordson Corp,NDSN,0.03%,   263.63,1.76,(0.67%)
Quest Diagnostics Inc.,DGX,0.03%,   126.74,0.20,(0.16%)
Snap-on Incorporated,SNA,0.03%,   262.43,-3.60,(-1.35%)
Viatris Inc.,VTRS,0.03%,   11.68,0.12,(1.04%)
"Host Hotels & Resorts, Inc.",HST,0.03%,   19.58,0.03,(0.15%)
Insulet Corporation,PODD,0.03%,   192.55,-4.09,(-2.08%)
"Stanley Black & Decker, Inc.",SWK,0.03%,   88.94,-0.33,(-0.37%)
"United Airlines Holdings, Inc.",UAL,0.03%,   42.33,0.71,(1.71%)
The J.M. Smucker Company,SJM,0.03%,   127.90,-3.19,(-2.43%)
Albemarle Corporation,ALB,0.03%,   115.78,1.45,(1.27%)
"Conagra Brands, Inc.",CAG,0.03%,   27.40,-0.70,(-2.49%)
Marathon Oil Corporation,MRO,0.03%,   22.45,-0.25,(-1.10%)
Amcor Plcs,AMCR,0.03%,   9.10,-0.06,(-0.66%)
Loews Corporation,L,0.03%,   72.75,0.73,(1.01%)
Keycorp,KEY,0.03%,   13.89,0.02,(0.14%)
Trimble Inc.,TRMB,0.03%,   52.51,0.43,(0.83%)
Lkq Corporation,LKQ,0.03%,   47.94,0.40,(0.84%)
"Revvity, Inc.",RVTY,0.03%,   103.76,0.51,(0.49%)
Henry (Jack) & Associates,JKHY,0.03%,   175.93,1.88,(1.08%)
Zebra Technologies Corporation,ZBRA,0.03%,   253.09,5.97,(2.42%)
Mgm Resorts International,MGM,0.03%,   46.74,0.31,(0.67%)
Bunge Limited,BG,0.03%,   106.90,0.92,(0.87%)
Live Nation Entertainment Inc.,LYV,0.03%,   89.53,1.53,(1.74%)
"Rollins, Inc.",ROL,0.03%,   43.48,-0.25,(-0.57%)
Kimco Realty Corp.,KIM,0.03%,   20.08,0.06,(0.30%)
Pentair Plc,PNR,0.03%,   74.48,0.04,(0.05%)
"The Interpublic Group of Companies, Inc.",IPG,0.03%,   30.78,-1.02,(-3.21%)
International Paper Co.,IP,0.03%,   35.26,0.37,(1.06%)
Alliant Energy Corporation,LNT,0.03%,   47.93,0.45,(0.95%)
Teleflex Incorporated,TFX,0.03%,   252.04,0.72,(0.29%)
"Nrg Energy, Inc.",NRG,0.03%,   52.37,0.02,(0.04%)
Juniper Networks Inc,JNPR,0.03%,   37.03,0.08,(0.22%)
Gen Digital Inc.,GEN,0.03%,   21.35,0.48,(2.30%)
Carmax Inc.,KMX,0.03%,   74.79,1.49,(2.03%)
Allegion Public Limited Company,ALLE,0.03%,   131.91,1.39,(1.06%)
"Evergy, Inc.",EVRG,0.03%,   49.08,0.46,(0.95%)
Molson Coors Beverage Company Class B,TAP,0.03%,   60.23,-0.03,(-0.05%)
"Charles River Laboratories International, Inc.",CRL,0.03%,   222.22,3.45,(1.58%)
"F5, Inc.",FFIV,0.03%,   186.61,1.38,(0.75%)
"Qorvo, Inc.",QRVO,0.03%,   112.32,-0.30,(-0.27%)
Westrock Company,WRK,0.03%,   42.50,-0.32,(-0.75%)
Aes Corporation,AES,0.03%,   16.46,0.26,(1.60%)
"Huntington Ingalls Industries, Inc.",HII,0.03%,   273.90,1.77,(0.65%)
"Udr, Inc.",UDR,0.03%,   35.37,-0.12,(-0.34%)
Bio-Techne Corp.,TECH,0.03%,   67.95,-0.03,(-0.04%)
Dayforce Inc,DAY,0.03%,   0.00,0.00,(0.00%)
Globe Life Inc.,GL,0.03%,   125.94,0.99,(0.79%)
Incyte Genomics Inc,INCY,0.03%,   57.66,0.30,(0.52%)
Brown-Forman Corporation Class B,BF.B,0.02%,   56.57,-0.36,(-0.63%)
Regency Centers Corporation,REG,0.02%,   61.32,-0.82,(-1.32%)
"Catalent, Inc.",CTLT,0.02%,   56.71,0.16,(0.28%)
Wynn Resorts Ltd,WYNN,0.02%,   105.60,-0.51,(-0.48%)
Nisource Inc.,NI,0.02%,   25.25,0.19,(0.76%)
"Bath & Body Works, Inc.",BBWI,0.02%,   44.72,0.35,(0.79%)
Camden Property Trust,CPT,0.02%,   93.46,-0.49,(-0.52%)
"Universal Health Services, Inc. Class B",UHS,0.02%,   162.38,0.42,(0.26%)
"Healthpeak Properties, Inc.",PEAK,0.02%,   17.34,-0.65,(-3.61%)
News Corporation Class A,NWSA,0.02%,   26.04,0.20,(0.77%)
A.O. Smith Corporation,AOS,0.02%,   80.54,0.29,(0.36%)
Eastman Chemical Company,EMN,0.02%,   82.34,-0.65,(-0.78%)
"Tapestry, Inc.",TPR,0.02%,   42.00,-0.99,(-2.30%)
The Mosaic Company,MOS,0.02%,   29.92,-0.17,(-0.56%)
Henry Schein Inc,HSIC,0.02%,   73.72,-1.18,(-1.58%)
American Airlines Group Inc.,AAL,0.02%,   14.88,-0.07,(-0.47%)
"Paycom Software, Inc.",PAYC,0.02%,   190.00,-5.75,(-2.94%)
"Match Group, Inc",MTCH,0.02%,   35.42,0.39,(1.11%)
"Caesars Entertainment, Inc.",CZR,0.02%,   44.50,0.25,(0.56%)
Apa Corporation,APA,0.02%,   29.87,-0.60,(-1.97%)
"Assurant, Inc.",AIZ,0.02%,   174.49,-0.08,(-0.05%)
"Boston Properties, Inc.",BXP,0.02%,   64.18,-0.89,(-1.37%)
"Etsy, Inc.",ETSY,0.02%,   78.09,3.60,(4.83%)
"C.H. Robinson Worldwide, Inc.",CHRW,0.02%,   74.67,0.01,(0.01%)
Robert Half Inc.,RHI,0.02%,   81.14,0.59,(0.73%)
Hormel Foods Corporation,HRL,0.02%,   29.06,-0.41,(-1.39%)
Campbell Soup Company,CPB,0.02%,   41.99,-1.11,(-2.58%)
Marketaxess Holdings Inc.,MKTX,0.02%,   223.32,-0.87,(-0.39%)
Generac Holdings Inc,GNRC,0.02%,   126.91,-0.23,(-0.18%)
"Franklin Resources, Inc.",BEN,0.02%,   27.10,0.27,(1.01%)
Federal Realty Investment Trust,FRT,0.02%,   101.14,-0.92,(-0.90%)
Pinnacle West Capital Corporation,PNW,0.02%,   67.00,0.61,(0.92%)
Borgwarner Inc.,BWA,0.02%,   31.80,0.32,(1.02%)
Norwegian Cruise Line Holdings Ltd.s,NCLH,0.02%,   16.42,-1.08,(-6.17%)
Invesco Ltd,IVZ,0.02%,   15.90,-0.01,(-0.06%)
Fox Corporation Class A,FOXA,0.02%,   29.77,0.99,(3.44%)
Dentsply Sirona Inc.,XRAY,0.02%,   32.79,-0.37,(-1.12%)
Ralph Lauren Corporation,RL,0.02%,   175.01,3.16,(1.84%)
"Bio-Rad Laboratories, Inc.Class A",BIO,0.02%,   325.22,-0.89,(-0.27%)
Comerica Incorporated,CMA,0.02%,   51.35,0.28,(0.55%)
Fmc Corporation,FMC,0.02%,   51.75,-0.29,(-0.56%)
"Hasbro, Inc.",HAS,0.02%,   50.59,-0.09,(-0.18%)
Paramount Global Class B,PARA,0.01%,   12.90,-0.11,(-0.85%)
Whirlpool Corp.,WHR,0.01%,   109.06,-1.13,(-1.03%)
Davita Inc.,DVA,0.01%,   109.86,-0.96,(-0.87%)
Zions Bancorporation N.a.,ZION,0.01%,   40.09,0.20,(0.50%)
"Mohawk Industries, Inc.",MHK,0.01%,   110.01,0.40,(0.36%)
V.F. Corporation,VFC,0.01%,   15.30,-0.05,(-0.33%)
Fox Corporation Class B,FOX,0.01%,   27.45,0.83,(3.12%)
News Corporation Class B,NWS,0.01%,   27.21,0.20,(0.74%)
S&P 500 ETF,   501.20 ,2.88,(0.58%),,
Nasdaq 100 ETF,   437.05 ,4.26,(0.98%),,
Dow Jones ETF,   386.72 ,-0.63,(-0.16%),,
Nasdaq Comp ETF,   63.03 ,0.77,(1.24%),,
